City_ID,City,Lat,Lng,Max Temp,Humidity,Cloudiness,Wind Speed,Country,Date
0,yellowknife,62.456,-114.3525,-17.47,76,100,6.17,CA,1707264097
1,isafjordur,66.0755,-23.124,-3.3,89,100,7.52,IS,1707264113
2,udachny,66.4167,112.4,-30.31,74,96,1.88,RU,1707264113
3,launceston,-41.45,147.1667,19.89,48,15,2.06,AU,1707264114
4,chengde,40.9725,117.9361,-8.3,61,0,1.76,CN,1707264114
5,ushuaia,-54.8,-68.3,17.81,36,0,2.57,AR,1707264113
6,bethel,41.3712,-73.414,1.2,64,15,0.45,US,1707264114
7,grytviken,-54.2811,-36.5092,8.84,62,8,2.07,GS,1707264114
8,kruisfontein,-34.0033,24.7314,22.16,85,42,4.11,ZA,1707264114
9,iqaluit,63.7506,-68.5145,-20.15,59,0,5.66,CA,1707264115
10,talnakh,69.4865,88.3972,-20.59,85,100,3.17,RU,1707264115
11,port-aux-francais,-49.35,70.2167,6.38,92,100,10.05,TF,1707264115
12,puerto ayora,-0.7393,-90.3518,25.83,83,70,4.07,EC,1707264115
13,mersa matruh,31.3525,27.2453,11.11,93,0,2.06,EG,1707264116
14,adamstown,-25.066,-130.1015,24.73,84,56,4.94,PN,1707264116
15,gadzhiyevo,69.2551,33.3362,-16.73,96,98,3.99,RU,1707264116
16,iskateley,67.6803,53.1512,-24.43,98,98,1.79,RU,1707264116
17,jamestown,42.097,-79.2353,0.57,77,0,3.6,US,1707264111
18,college,64.8569,-147.8028,-9.89,77,89,0.21,US,1707264117
19,mount isa,-20.7333,139.5,29.87,51,99,6.69,AU,1707264117
20,badger,64.8,-147.5333,-9.93,83,83,0.21,US,1707264118
21,carnarvon,-24.8667,113.6333,30.4,39,4,6.57,AU,1707264118
22,yemel'yanovo,56.1681,92.6767,-15.51,85,47,1.0,RU,1707264118
23,thunder bay,48.4001,-89.3168,2.99,93,75,2.06,CA,1707264118
24,tazovsky,67.4667,78.7,-17.54,99,95,3.46,RU,1707264118
25,luang namtha,20.9497,101.4011,13.55,61,0,0.56,LA,1707264118
26,fale old settlement,-9.3852,-171.2468,28.76,80,99,11.83,TK,1707264118
27,bredasdorp,-34.5322,20.0403,20.31,63,5,6.18,ZA,1707264119
28,avarua,-21.2078,-159.775,30.03,79,75,5.66,CK,1707264119
29,puerto aysen,-45.4,-72.7,10.25,98,100,3.98,CL,1707264119
30,polyarnyy,69.1989,33.4478,-16.12,94,97,4.25,RU,1707264119
31,waitangi,-43.9535,-176.5597,18.79,95,98,10.46,NZ,1707264119
32,cobram,-35.9167,145.65,21.69,40,0,2.8,AU,1707264120
33,port elizabeth,-33.918,25.5701,23.39,90,40,8.75,ZA,1707263953
34,edinburgh of the seven seas,-37.0676,-12.3116,17.12,64,68,1.72,SH,1707264120
35,dacice,49.0815,15.4373,7.9,77,89,9.08,CZ,1707264120
36,dubuque,42.4833,-90.8668,6.04,67,0,5.14,US,1707263829
37,remire-montjoly,4.9167,-52.2667,25.02,100,75,0.0,GF,1707264121
38,hawaiian paradise park,19.5933,-154.9731,25.49,71,79,1.79,US,1707264121
39,yaren,-0.5472,166.916,29.02,74,91,6.24,NR,1707264121
40,ribeira grande,38.5167,-28.7,17.65,94,90,5.81,PT,1707264121
41,stanley,54.868,-1.6985,2.62,76,0,3.6,GB,1707264122
42,tol'yatti,53.5303,49.3461,-10.45,87,93,8.38,RU,1707264122
43,braganca,-1.0536,-46.7656,24.26,93,29,0.47,BR,1707264122
44,ciudad bolivar,8.1222,-63.5497,34.0,37,53,2.48,VE,1707264122
45,olonkinbyen,70.9221,-8.7187,-3.16,89,57,9.71,SJ,1707264123
46,west island,-12.1568,96.8225,26.99,78,40,3.6,CC,1707264123
47,coquimbo,-29.9533,-71.3436,20.85,77,0,4.63,CL,1707263596
48,lebu,-37.6167,-73.65,18.1,91,74,1.25,CL,1707264123
49,hastings,50.8552,0.5729,11.66,50,100,15.26,GB,1707264124
50,santa maria,-29.6842,-53.8069,25.61,89,20,2.06,BR,1707264124
51,papatowai,-46.5619,169.4708,16.64,51,46,5.17,NZ,1707264127
52,longyearbyen,78.2186,15.6401,-9.09,67,40,6.17,SJ,1707264129
53,sakaiminato,35.55,133.2333,3.99,93,75,3.6,JP,1707264132
54,qamdo,31.1667,97.2333,-9.97,53,81,3.02,CN,1707264132
55,poronaysk,49.2167,143.1167,-16.77,85,17,0.68,RU,1707264132
56,saipan,15.1355,145.701,26.04,63,99,7.5,MP,1707264135
57,segamat,2.5148,102.8158,24.01,94,96,1.14,MY,1707264136
58,port lincoln,-34.7333,135.8667,18.95,65,8,4.36,AU,1707264138
59,charters towers,-20.1,146.2667,30.34,51,29,3.53,AU,1707264139
60,turkmenbasy,40.0222,52.9552,7.43,53,100,3.09,TM,1707264140
61,blackmans bay,-43.0167,147.3167,19.29,45,98,0.89,AU,1707264140
62,lihue,21.9789,-159.3672,27.58,71,68,6.78,US,1707264141
63,nagqu,31.5,92.0,-11.65,19,2,3.4,CN,1707264141
64,albany,42.6001,-73.9662,-0.36,73,5,1.27,US,1707264018
65,bamboo flat,11.7,92.7167,23.05,94,95,1.03,IN,1707264142
66,chernomorskoye,45.5039,32.6997,7.65,81,54,5.54,UA,1707264142
67,ilulissat,69.2167,-51.1,-8.99,48,100,10.29,GL,1707264143
68,enewetak,11.3474,162.3373,26.63,81,76,6.86,MH,1707264143
69,petropavlovsk-kamchatsky,53.0452,158.6483,-9.67,67,75,3.0,RU,1707264144
70,touros,-5.1989,-35.4608,27.45,78,100,5.66,BR,1707264144
71,dudinka,69.4058,86.1778,-19.62,87,100,3.58,RU,1707264144
72,thompson,55.7435,-97.8558,-17.91,71,75,5.14,CA,1707264144
73,soio,-6.1349,12.3689,25.29,86,98,2.36,AO,1707264145
74,coahuayana de hidalgo,18.7,-103.6583,27.31,67,8,2.56,MX,1707264145
75,hengchun,22.0042,120.7439,22.28,79,30,4.16,TW,1707264145
76,kavaratti,10.5669,72.642,27.6,76,7,2.96,IN,1707264145
77,lagos,6.5833,3.75,27.18,71,77,0.22,NG,1707264001
78,dharmanagar,24.3667,92.1667,14.98,96,45,0.89,IN,1707264146
79,jumla,29.2747,82.1838,-1.19,23,18,1.9,NP,1707264146
80,lodja,-3.4833,23.4333,21.01,90,73,0.64,CD,1707264147
81,cabo san lucas,22.8909,-109.9124,27.56,61,89,4.92,MX,1707263675
82,vilhena,-12.7406,-60.1458,24.32,75,99,1.34,BR,1707264147
83,nahiyat al fuhud,30.9697,46.7228,15.65,50,69,3.65,IQ,1707264148
84,vorgashor,67.5833,63.95,-26.45,100,92,1.91,RU,1707264148
85,yashkino,55.8736,85.4265,-12.35,94,90,1.73,RU,1707264148
86,astaneh-ye ashrafiyeh,37.2596,49.9444,7.96,82,0,2.42,IR,1707264148
87,vila velha,-20.3297,-40.2925,23.97,93,0,1.79,BR,1707264063
88,labrador city,52.9463,-66.9114,-13.05,68,75,3.09,CA,1707264149
89,general jose de san martin,-26.5374,-59.3416,27.92,60,73,1.52,AR,1707264149
90,papao,-17.75,-149.55,28.82,90,95,8.09,PF,1707264150
91,rio preto da eva,-2.6994,-59.6997,28.05,68,84,1.16,BR,1707264150
92,antsiranana,-12.2787,49.2917,23.74,96,100,0.38,MG,1707264150
93,luis correia,-2.8792,-41.6669,27.93,81,67,6.94,BR,1707264150
94,muroto-misakicho,33.2833,134.15,9.87,61,65,1.82,JP,1707264151
95,east london,-33.0153,27.9116,23.06,89,96,2.94,ZA,1707264033
96,chonchi,-42.6128,-73.8092,17.56,95,92,4.14,CL,1707264151
97,novaya igirma,57.1334,103.9112,-12.51,99,99,1.91,RU,1707264152
98,maumere,-8.6199,122.2111,27.96,74,60,0.52,ID,1707264152
99,abadeh,31.1608,52.6506,-0.05,57,0,2.6,IR,1707264152
100,cockburn town,21.4612,-71.1419,24.98,65,40,8.75,TC,1707264153
101,codrington,-38.2667,141.9667,17.6,68,62,4.0,AU,1707264153
102,port alfred,-33.5906,26.891,21.21,93,99,3.58,ZA,1707264153
103,valparaiso,-33.0393,-71.6273,22.13,73,0,3.09,CL,1707264153
104,tura,25.5198,90.2201,12.54,97,0,1.28,IN,1707264154
105,sao joao da barra,-21.6403,-41.0511,24.05,89,100,2.66,BR,1707264154
106,kavieng,-2.5744,150.7967,27.94,81,100,4.46,PG,1707264154
107,floro,61.5996,5.0328,-1.02,55,100,3.09,NO,1707264154
108,sarina,-21.4333,149.2167,32.01,1,28,5.25,AU,1707264155
109,corner brook,48.9667,-57.9484,-2.91,92,100,2.44,CA,1707264028
110,suntar,62.1444,117.6319,-21.79,99,100,1.38,RU,1707264155
111,tual,-5.6667,132.75,28.28,76,96,8.17,ID,1707264155
112,anna regina,7.2644,-58.5077,26.96,88,13,5.36,GY,1707264156
113,saugor,23.8333,78.7167,13.16,56,28,2.93,IN,1707264156
114,spas-klepiki,55.1347,40.1767,-15.04,100,98,0.59,RU,1707264156
115,dubbo,-32.25,148.6167,23.07,60,40,8.23,AU,1707264156
116,tomatlan,19.9333,-105.25,27.16,64,8,3.65,MX,1707264156
117,okhotsk,59.3833,143.3,-22.59,80,100,3.99,RU,1707264157
118,asau,46.4333,26.4,11.51,71,100,8.73,RO,1707264157
119,puerto natales,-51.7236,-72.4875,12.4,73,97,0.63,CL,1707264157
120,trairi,-3.2778,-39.2689,27.36,81,92,5.15,BR,1707264003
121,tazacorte,28.629,-17.9293,18.54,35,0,3.58,ES,1707264157
122,liwale,-9.7667,37.9333,21.69,99,97,0.67,TZ,1707264158
123,port mathurin,-19.6833,63.4167,27.0,69,55,7.47,MU,1707264075
124,zabol,32.25,67.25,-2.88,57,55,3.33,AF,1707264158
125,wailua homesteads,22.0669,-159.378,27.24,71,69,4.02,US,1707264158
126,sinop,41.7711,34.8709,6.38,68,20,5.8,TR,1707264158
127,buala,-8.145,159.5921,29.97,70,77,4.51,SB,1707264159
128,nemuro,43.3236,145.575,-7.01,66,62,2.08,JP,1707264159
129,palmer,42.1584,-72.3287,0.64,66,0,0.0,US,1707264159
130,newala kisimani,-10.95,39.2833,20.53,97,90,1.25,TZ,1707264159
131,gazojak,41.1875,61.4036,4.83,56,100,8.64,TM,1707264159
132,pandan,14.0453,124.1694,25.59,83,78,4.47,PH,1707264159
133,tiksi,71.6872,128.8694,-27.32,99,97,2.94,RU,1707264160
134,alesund,62.4723,6.1549,-4.39,83,100,3.6,NO,1707264035
135,bridgewater,44.3835,-64.5155,-0.18,82,100,5.14,CA,1707264160
136,invercargill,-46.4,168.35,16.12,70,45,6.26,NZ,1707264160
137,tabou,4.423,-7.3528,27.35,81,4,3.53,CI,1707264160
138,puerto armuelles,8.2833,-82.8667,30.99,65,13,1.34,PA,1707264161
139,saint-francois,46.4154,3.9054,7.03,83,0,2.57,FR,1707264162
140,papar,5.7333,115.9333,25.0,84,96,0.76,MY,1707264162
141,nuuk,64.1835,-51.7216,-5.66,58,100,10.29,GL,1707264162
142,georgetown,5.4112,100.3354,26.96,89,20,3.09,MY,1707263941
143,koh kong,11.6175,102.9806,24.83,86,48,1.92,KH,1707264163
144,labuan,5.2767,115.2417,27.2,88,20,1.03,MY,1707264163
145,road town,18.4167,-64.6167,28.02,83,40,7.72,VG,1707263949
146,new norfolk,-42.7826,147.0587,19.95,42,96,2.81,AU,1707264163
147,thasra,22.8,73.2167,19.15,52,40,2.32,IN,1707264163
148,as samawah,31.332,45.2944,14.82,53,45,3.15,IQ,1707264164
149,la ronge,55.1001,-105.2842,-14.86,78,100,3.6,CA,1707264164
150,gorodoviki,46.1353,41.9656,2.69,97,100,4.79,RU,1707264164
151,nueva gerona,21.8833,-82.8,21.01,61,19,8.69,CU,1707264164
152,bamiantong,44.9333,130.5333,-19.7,98,46,1.92,CN,1707264164
153,utrik,11.2278,169.8474,26.6,80,98,7.14,MH,1707264165
154,san rafael,-34.6177,-68.3301,34.39,26,3,4.64,AR,1707264165
155,toliara,-23.35,43.6667,24.29,91,6,4.32,MG,1707264165
156,anadyr,64.75,177.4833,-22.72,76,20,7.0,RU,1707264165
157,milagros,12.2181,123.5095,26.08,77,45,3.92,PH,1707264165
158,mantua,45.1667,10.7833,10.61,66,100,0.72,IT,1707264165
159,broken hill,-31.95,141.4333,21.41,31,70,7.8,AU,1707264166
160,el nido,11.1858,119.3956,26.6,77,76,5.68,PH,1707264166
161,gospic,44.5461,15.3747,6.83,98,100,2.96,HR,1707264166
162,arraial do cabo,-22.9661,-42.0278,26.92,83,75,1.03,BR,1707264166
163,kibara,-2.15,33.45,22.28,71,13,1.84,TZ,1707264166
164,as sulaymaniyah,35.5611,45.4375,5.24,100,75,1.54,IQ,1707264166
165,beitbridge,-22.2167,30.0,26.5,57,1,4.05,ZW,1707264167
166,nouna,12.7333,-3.8667,24.68,13,90,4.94,BF,1707264167
167,pauini,-7.7136,-66.9764,24.79,92,95,0.32,BR,1707264167
168,arno,60.1167,18.6333,-4.56,77,100,4.89,SE,1707264167
169,klyuchi,52.2667,79.1667,-8.5,81,84,5.89,RU,1707264168
170,emerald,-23.5333,148.1667,31.3,59,35,4.46,AU,1707264168
171,esquina,-30.0144,-59.5272,29.23,51,1,2.8,AR,1707264168
172,sao felix do xingu,-6.6447,-51.995,24.08,94,68,1.21,BR,1707264168
173,la passe,45.5549,-0.8967,10.55,95,77,5.59,FR,1707264168
174,marsh harbour,26.5412,-77.0636,20.27,81,61,14.47,BS,1707264007
175,la ligua,-32.4524,-71.2311,20.74,69,0,2.26,CL,1707264169
176,lompoc,34.6391,-120.4579,14.32,65,75,7.2,US,1707264169
177,karelichy,53.5653,26.1378,5.37,95,100,9.43,BY,1707264169
178,howrah,22.5892,88.3103,20.0,94,75,3.6,IN,1707264170
179,aykhal,66.0,111.5,-30.17,100,99,2.43,RU,1707264170
180,north bend,43.4065,-124.2243,9.58,82,66,4.0,US,1707264170
181,wuzhou,23.4833,111.3167,8.23,90,100,1.73,CN,1707263894
182,richards bay,-28.783,32.0377,20.68,90,1,2.99,ZA,1707264170
183,otjimbingwe,-22.35,16.1333,25.55,38,57,2.08,NA,1707264170
184,santarem,-2.4431,-54.7083,30.07,79,20,2.57,BR,1707264171
185,wulingyuan,29.3494,110.5441,-1.92,97,95,0.64,CN,1707264171
186,princeton,25.5384,-80.4089,19.01,68,0,5.66,US,1707264162
187,pontianak,-0.0333,109.3333,24.99,94,40,1.54,ID,1707264027
188,punta arenas,-53.15,-70.9167,13.06,62,0,4.63,CL,1707264171
189,kikwit,-5.041,18.8162,21.63,87,100,0.94,CD,1707264171
190,veinticinco de mayo,-35.4323,-60.1727,27.07,60,39,5.64,AR,1707264171
191,baukau,51.5526,7.2042,11.14,84,100,9.18,DE,1707264172
192,whitehorse,60.7161,-135.0538,-15.57,85,100,2.57,CA,1707264115
193,outokumpu,62.7269,29.0159,-23.06,100,97,1.35,FI,1707264172
194,bathsheba,13.2167,-59.5167,27.34,89,40,9.26,BB,1707264172
195,carauari,-4.8828,-66.8958,24.31,97,99,0.95,BR,1707264172
196,siwa oasis,29.2041,25.5195,13.7,59,0,2.84,EG,1707264172
197,the pas,53.8251,-101.2541,-10.99,85,100,1.54,CA,1707264173
198,nova sintra,14.8667,-24.7167,21.17,71,0,4.32,CV,1707264173
199,weno,7.4515,151.8468,27.45,70,77,9.08,FM,1707264173
200,nguigmi,14.2495,13.1092,18.58,24,67,6.76,NE,1707264173
201,gamay,12.3854,125.2979,26.05,82,29,3.65,PH,1707264173
202,el porvenir,13.7617,-87.3458,24.63,29,1,3.57,HN,1707264174
203,ambodifotatra,-16.9833,49.85,26.98,78,100,3.35,MG,1707264174
204,koluszki,51.7387,19.8199,9.3,69,100,12.03,PL,1707264174
205,rio grande,-32.035,-52.0986,24.06,77,80,6.07,BR,1707264174
206,soe,-9.8607,124.284,22.68,79,83,1.52,ID,1707264174
207,nikolayevsk-on-amure,53.1406,140.73,-18.7,92,94,1.68,RU,1707264175
208,kamin-kashyrskyi,51.6241,24.9586,7.13,79,100,9.79,UA,1707264175
209,kailua-kona,19.6406,-155.9956,25.71,81,21,0.89,US,1707264175
210,banff,51.1762,-115.5698,1.21,80,100,1.03,CA,1707264175
211,taulaga,-11.0553,-171.0883,28.62,81,100,10.7,AS,1707264175
212,margaret river,-33.95,115.0667,21.08,48,0,4.85,AU,1707264175
213,alaghsas,17.0187,8.0168,16.92,22,96,6.48,NE,1707264176
214,yangiyer,40.275,68.8225,7.72,37,100,8.55,UZ,1707264176
215,hithadhoo,-0.6,73.0833,28.38,74,43,3.2,MV,1707264176
216,whakatane,-37.9585,176.9854,26.6,89,13,1.79,NZ,1707264176
217,gas city,40.4873,-85.613,3.54,86,0,1.54,US,1707264176
218,qaqortoq,60.7167,-46.0333,-15.46,63,1,4.41,GL,1707264176
219,sainte-suzanne,-20.9061,55.6089,25.1,73,40,5.14,RE,1707264177
220,oranjemund,-28.55,16.4333,18.92,89,8,1.27,NA,1707264177
221,awjilah,29.1081,21.2869,12.9,61,0,1.9,LY,1707264177
222,shingu,33.7333,135.9833,7.28,57,39,1.81,JP,1707263886
223,rizhao,35.4275,119.4553,-3.32,82,38,2.52,CN,1707264177
224,afaahiti,-17.75,-149.2833,27.93,88,99,6.25,PF,1707264177
225,nogliki,51.8333,143.1667,-18.14,92,98,3.13,RU,1707264178
226,fruita,39.1589,-108.729,12.47,46,100,2.06,US,1707264178
227,erenhot,43.6475,111.9767,-18.57,98,23,2.13,CN,1707264178
228,kingston,17.997,-76.7936,28.53,51,75,8.23,JM,1707263912
229,roma,43.2128,-75.4557,0.4,68,0,1.54,US,1707264178
230,cuxhaven,53.8718,8.6909,6.11,87,75,8.23,DE,1707264178
231,taybad,34.74,60.7756,7.69,33,0,7.4,IR,1707264178
232,hovd,48.0056,91.6419,-21.7,96,51,0.56,MN,1707264179
233,jinxiang,27.4327,120.6062,6.86,91,100,4.58,CN,1707264179
234,margate,51.3813,1.3862,11.6,87,100,5.68,GB,1707264179
235,barbacoas,1.6715,-78.1398,24.94,95,96,0.55,CO,1707264179
236,hammerfest,70.6634,23.6821,-5.75,86,100,2.06,NO,1707264179
237,santiago de cao,-7.9589,-79.2392,25.07,88,40,3.09,PE,1707264077
238,ndele,8.4109,20.6473,23.49,17,11,3.36,CF,1707264180
239,kohtla-jarve,59.3986,27.2731,-7.15,92,99,4.33,EE,1707264180
240,newman,37.3138,-121.0208,13.49,79,80,2.24,US,1707264180
241,hobyo,5.3505,48.5268,25.73,87,100,6.87,SO,1707264180
242,keflavik,64.0049,-22.5624,-1.76,74,40,9.77,IS,1707264181
243,tindouf,27.6711,-8.1474,13.25,30,0,2.06,DZ,1707264181
244,tortoli,39.9256,9.6572,14.08,46,100,2.38,IT,1707264181
245,vryburg,-26.9566,24.7284,22.15,27,32,2.58,ZA,1707264181
246,prince george,53.9166,-122.753,-0.95,83,100,2.06,CA,1707264040
247,togur,58.3631,82.8265,-11.59,96,94,2.24,RU,1707264181
248,ibi,38.6253,-0.5723,12.73,59,59,3.95,ES,1707264182
249,geraldton,-28.7667,114.6,29.23,20,0,9.77,AU,1707264182
250,peace river,56.2501,-117.286,-4.83,68,100,2.06,CA,1707264182
251,micheweni,-4.9667,39.8333,27.51,81,57,3.1,TZ,1707264182
252,panyutyne,48.9333,36.2833,0.71,99,98,2.74,UA,1707264182
253,negapatam,10.7667,79.8333,23.33,82,4,2.47,IN,1707264183
254,bilibino,68.0546,166.4372,-35.0,100,100,0.3,RU,1707264183
255,joshimath,30.5667,79.5667,-0.76,36,30,3.93,IN,1707264183
256,kirkland lake,48.1446,-80.0377,-0.84,80,100,0.0,CA,1707264030
257,ghanzi,-21.5667,21.7833,25.45,50,84,4.02,BW,1707264183
258,newport,51.5877,-2.9984,8.79,94,100,4.98,GB,1707264184
259,huron,41.1501,-82.5499,2.76,75,11,2.94,US,1707264184
260,dongola,19.1667,30.4833,13.28,37,81,4.79,SD,1707264184
261,mount gambier,-37.8333,140.7667,18.1,58,70,2.59,AU,1707264185
262,yelizovo,53.1873,158.3805,-8.92,67,75,3.13,RU,1707264185
263,portland,45.5234,-122.6762,11.21,82,75,3.09,US,1707263563
264,purpe,64.4803,76.6897,-9.54,95,74,3.17,RU,1707264185
265,berdigestyakh,62.0989,126.6992,-24.81,99,100,1.52,RU,1707264185
266,ventspils,57.3894,21.5606,-3.04,100,100,6.17,LV,1707264186
267,georgievka,49.3314,81.5761,-6.89,65,62,7.0,KZ,1707264186
268,lesozavodsk,45.4794,133.4244,-19.7,99,98,1.78,RU,1707264186
269,ponta delgada,37.7333,-25.6667,18.4,94,75,7.2,PT,1707264186
270,kapoeta,4.7717,33.5903,28.54,46,16,1.49,SS,1707264186
271,miri,4.4148,114.0089,25.08,94,40,0.51,MY,1707264186
272,pavlovka,52.6897,47.1405,-11.24,87,44,8.51,RU,1707264187
273,port isabel,26.0734,-97.2086,19.05,80,0,2.24,US,1707264187
274,revin,49.9404,4.635,10.62,89,100,7.5,FR,1707264187
275,uzgen,40.7699,73.3007,-0.84,54,100,3.34,KG,1707264187
276,catia la mar,10.6038,-67.0303,29.11,58,94,2.57,VE,1707264029
277,hluti,-27.2167,31.6167,18.72,96,16,1.05,SZ,1707264188
278,uturoa,-16.7333,-151.4333,27.95,89,100,13.46,PF,1707264188
279,howard springs,-12.497,131.047,31.6,76,23,3.37,AU,1707264188
280,tokar,18.4254,37.729,21.02,62,74,4.62,SD,1707264009
281,severnoye,56.3491,78.3619,-8.34,93,99,3.58,RU,1707264189
282,lata,40.1629,-8.3327,9.95,92,46,1.66,PT,1707264189
283,susuman,62.7833,148.1667,-33.34,99,99,1.34,RU,1707264189
284,hermanus,-34.4187,19.2345,19.89,83,24,7.25,ZA,1707264189
285,praia,14.9215,-23.5087,23.3,56,0,5.66,CV,1707264189
286,youhao,47.8667,128.8333,-21.21,99,79,0.56,CN,1707264190
287,pisco,-13.7,-76.2167,27.03,65,0,6.69,PE,1707263913
288,kidal,18.4411,1.4078,16.55,21,30,5.08,ML,1707264190
289,hasaki,35.7333,140.8333,4.05,51,89,6.89,JP,1707264190
290,boyolangu,-8.1181,111.8935,24.24,92,100,1.37,ID,1707264037
291,robore,-18.3333,-59.75,23.51,87,71,0.58,BO,1707264191
292,iwanai,42.9744,140.5089,-1.3,79,99,1.51,JP,1707264057
293,ejea de los caballeros,42.1263,-1.1372,5.12,74,51,2.84,ES,1707264191
294,turan,16.0678,108.2208,24.99,88,75,0.51,VN,1707264191
295,conceicao da barra,-18.5933,-39.7322,26.12,86,100,2.53,BR,1707264191
296,tarazona de la mancha,39.2123,-1.9491,7.9,88,41,5.65,ES,1707264191
297,lazaro cardenas,17.9583,-102.2,26.97,67,4,3.1,MX,1707264192
298,novoazovs'k,47.1139,38.086,5.97,93,100,6.39,UA,1707264192
299,uliastay,47.7417,96.8444,-22.45,66,56,2.96,MN,1707264192
300,baie-saint-paul,47.4411,-70.4986,-5.13,83,86,1.14,CA,1707264192
301,antofagasta,-23.65,-70.4,25.6,78,3,1.41,CL,1707264041
302,puerto quijarro,-17.7833,-57.7667,24.37,90,83,1.32,BO,1707264193
303,vila franca do campo,37.7167,-25.4333,18.23,85,100,7.02,PT,1707264193
304,maddela,16.3414,121.6849,22.9,75,13,0.69,PH,1707264193
305,bemidji,47.4736,-94.8803,1.06,94,100,0.0,US,1707264193
306,luderitz,-26.6481,15.1594,18.94,82,68,5.6,NA,1707264193
307,vila do maio,15.1333,-23.2167,23.44,66,0,5.47,CV,1707264193
308,hirara,24.8,125.2833,18.92,88,75,4.12,JP,1707264194
309,atafu village,-8.5421,-172.5159,28.68,80,99,11.59,TK,1707264194
310,vorkuta,67.5,64.0,-26.53,100,91,1.72,RU,1707264194
311,melekeok village,7.4957,134.6367,27.57,79,99,8.27,PW,1707264194
312,bhatapara,21.7333,81.9333,17.48,77,0,2.69,IN,1707264194
313,ariquemes,-9.9133,-63.0408,26.84,78,91,1.03,BR,1707264194
314,princeville,45.7668,-61.2985,-0.05,90,0,3.09,CA,1707264195
315,helong,42.5397,128.9972,-10.47,69,6,1.75,CN,1707264195
316,barka kana,23.6167,85.4833,16.91,77,25,2.98,IN,1707264195
317,sete lagoas,-19.4658,-44.2467,22.6,87,97,1.37,BR,1707264034
318,sakakah,29.9697,40.2064,8.76,58,5,2.6,SA,1707264195
319,kodiak,57.79,-152.4072,2.46,78,86,5.25,US,1707264196
320,zaozersk,69.4005,32.4476,-16.9,94,97,3.5,RU,1707264196
321,vargashi,55.3556,65.8467,-1.61,92,100,8.15,RU,1707264196
322,hadibu,12.65,54.0333,24.27,73,18,3.67,YE,1707264196
323,taroa,8.7058,171.2275,27.44,75,99,7.45,MH,1707264197
324,puerto deseado,-47.7503,-65.8938,20.86,40,87,10.37,AR,1707264118
325,paita,-5.0892,-81.1144,25.95,77,44,6.56,PE,1707264197
326,revda,56.801,59.9303,-3.3,95,100,4.99,RU,1707264197
327,arkhangel'sk,64.5401,40.5433,-24.93,75,20,0.0,RU,1707264135
328,flint,43.0125,-83.6875,4.46,73,0,2.06,US,1707264157
329,crane,31.3974,-102.3501,16.18,40,97,8.35,US,1707264198
330,auki,-8.7676,160.7034,27.59,86,98,5.07,SB,1707264198
331,inverloch,-38.6333,145.7167,20.59,61,8,1.77,AU,1707264198
332,biltine,14.5333,20.9167,18.82,21,68,7.46,TD,1707264198
333,batouri,4.4333,14.3667,22.94,32,100,1.02,CM,1707264199
334,ust-nera,64.5667,143.2,-33.85,92,91,0.28,RU,1707264199
335,kaitong,44.8135,123.15,-16.44,87,7,1.71,CN,1707264199
336,tsiombe,-25.3,45.4833,22.24,92,56,2.17,MG,1707264199
337,hamilton,39.1834,-84.5333,7.47,63,20,2.06,US,1707263678
338,fort st. john,56.2499,-120.8529,-7.06,79,75,3.09,CA,1707264008
339,caleta de carquin,-11.0925,-77.6267,25.3,77,20,4.23,PE,1707264200
340,tamarin,-20.3256,57.3706,26.4,93,51,3.96,MU,1707264200
341,quibala,-10.7337,14.98,17.66,99,100,0.21,AO,1707264200
342,ceelbuur,4.685,46.6176,25.59,74,98,5.55,SO,1707264201
343,amungan,15.3652,119.9582,26.17,63,3,1.94,PH,1707264201
344,canico,32.6333,-16.85,18.35,60,20,3.6,PT,1707264201
345,rabaul,-4.1967,152.1721,28.67,71,100,4.57,PG,1707264201
346,asha,54.9973,57.2722,-2.87,88,100,3.58,RU,1707264202
347,ta`u,-14.2336,-169.5144,28.25,83,100,13.37,AS,1707264202
348,palikir - national government center,6.9248,158.1611,27.05,77,82,6.09,FM,1707264202
349,aitape,-3.1374,142.3475,26.77,89,100,6.04,PG,1707264202
350,birobidzhan,48.8,132.95,-23.99,93,23,0.37,RU,1707264202
351,kapa'a,22.0752,-159.319,27.99,71,61,4.02,US,1707264053
352,quang ngai,15.1167,108.8,22.6,90,0,1.55,VN,1707264203
353,el granada,37.5027,-122.4694,15.3,67,0,7.2,US,1707264203
354,inarajan village,13.2736,144.7484,28.33,82,100,6.63,GU,1707264203
355,hafar al-batin,28.4328,45.9708,11.32,46,0,1.54,SA,1707264204
356,merizo village,13.2658,144.6691,28.1,82,100,6.29,GU,1707264204
357,flying fish cove,-10.4217,105.6791,22.82,100,75,1.54,CX,1707264204
358,escanaba,45.7453,-87.0646,1.17,100,100,2.06,US,1707264204
359,nevel',56.0209,29.9284,-5.45,94,100,2.96,RU,1707264205
360,sao jose da coroa grande,-8.8978,-35.1478,27.12,79,81,3.79,BR,1707264205
361,moyale,3.5167,39.0584,22.4,37,72,2.7,KE,1707264205
362,ulsteinvik,62.3432,5.8487,-4.03,75,100,1.34,NO,1707264205
363,constantia,44.1833,28.65,10.39,61,45,4.58,RO,1707264205
364,iskushuban,10.2837,50.23,21.22,89,1,3.49,SO,1707264206
365,saacow,1.6279,42.4407,25.9,79,38,6.29,SO,1707264206
366,acapulco de juarez,16.8634,-99.8901,26.61,70,5,3.35,MX,1707263938
367,nabire,-3.3667,135.4833,25.88,85,100,1.01,ID,1707264206
368,shimoda,34.6667,138.95,7.2,81,98,3.5,JP,1707264206
369,oum el bouaghi,35.8754,7.1135,8.18,43,70,2.77,DZ,1707264206
370,haiku-pauwela,20.9219,-156.3051,26.25,62,13,6.26,US,1707264207
371,nowshahr,36.649,51.496,11.97,87,75,3.09,IR,1707264207
372,greymouth,-42.4667,171.2,19.59,67,53,2.8,NZ,1707264207
373,mambolo,8.9231,-13.0444,28.16,90,0,1.43,SL,1707264207
374,aasiaat,68.7098,-52.8699,-13.07,84,100,6.25,GL,1707264207
375,salahonda,2.1019,-78.7217,27.0,84,89,2.73,CO,1707264208
376,manicore,-5.8092,-61.3003,27.2,79,99,0.72,BR,1707264208
377,moreira sales,-24.0622,-53.0069,23.22,78,94,2.74,BR,1707264208
378,yeppoon,-23.1333,150.7333,30.88,68,53,6.46,AU,1707264208
379,talagang,32.9297,72.4158,7.07,51,19,1.4,PK,1707264209
380,klaksvik,62.2266,-6.589,-0.49,63,96,10.15,FO,1707264209
381,khovd,48.0056,91.6419,-21.7,96,51,0.56,MN,1707264179
382,general conesa,-40.1,-64.4333,32.97,25,60,1.61,AR,1707264209
383,afif,23.9065,42.9172,9.83,36,0,5.57,SA,1707264209
384,tucuma,-0.1833,-50.05,25.45,92,70,2.95,BR,1707264210
385,lubumbashi,-11.6609,27.4794,16.83,97,77,1.59,CD,1707264210
386,bayanaul,50.7889,75.6956,-8.51,74,82,3.27,KZ,1707264210
387,taltal,-25.4,-70.4833,22.16,79,21,1.1,CL,1707264079
388,seydi,39.4816,62.9137,9.42,48,100,6.23,TM,1707264210
389,yakeshi,49.2833,120.7333,-29.81,100,99,1.14,CN,1707264211
390,pacific grove,36.6177,-121.9166,14.12,74,40,4.12,US,1707264179
391,manga,11.6636,-1.0731,23.37,16,9,4.24,BF,1707264211
392,havre,49.5833,0.3333,12.22,82,100,10.29,FR,1707264211
393,ar ruways,24.1103,52.7306,17.96,53,29,6.35,AE,1707264212
394,mumbwa,-14.9783,27.0619,17.34,97,82,2.18,ZM,1707264212
395,tavda,58.0425,65.2726,-4.06,93,100,4.02,RU,1707264212
396,burang,30.25,81.1667,-15.72,26,18,1.07,CN,1707264212
397,grootfontein,-19.5667,18.1167,20.97,72,92,0.22,NA,1707264212
398,taseyevo,57.2169,94.8978,-13.14,97,98,1.34,RU,1707264213
399,san patricio,28.017,-97.5169,19.4,56,0,3.69,US,1707264213
400,phalaborwa,-23.943,31.1411,24.6,75,0,3.4,ZA,1707264213
401,laojunmiao,39.8333,97.7333,-8.41,64,100,0.34,CN,1707264213
402,deltebre,40.7499,0.7868,13.89,63,99,1.86,ES,1707264213
403,fitzgerald,31.7149,-83.2526,12.39,54,0,1.54,US,1707264184
404,dungannon,54.5034,-6.7672,0.73,77,100,2.17,GB,1707264016
405,turpan,42.9333,89.1667,-0.87,56,10,0.46,CN,1707264087
406,cedar city,37.6775,-113.0619,5.54,71,100,8.23,US,1707264214
407,villa hayes,-25.0931,-57.5236,33.05,43,75,2.57,PY,1707264214
408,belyy yar,53.6039,91.3903,-22.06,92,79,0.0,RU,1707264214
409,edson,53.5835,-116.4356,-4.92,80,100,2.06,CA,1707264215
410,reyes,-14.3167,-67.3833,24.15,91,51,0.34,BO,1707264215
411,birniwa,12.7903,10.2348,19.27,23,94,4.56,NG,1707264215
412,bodaybo,57.8506,114.1933,-14.02,97,100,1.4,RU,1707264216
413,moraleja,40.0162,-6.6977,9.25,92,26,0.65,ES,1707264216
414,bogatyye saby,56.0102,50.4483,-4.35,97,100,3.82,RU,1707264216
415,rongelap,11.1635,166.8941,26.69,81,98,6.09,MH,1707264216
416,kitui,-1.367,38.0106,18.63,66,54,1.03,KE,1707264216
417,nageswari,25.9688,89.693,13.7,69,0,2.41,BD,1707264217
418,tarko-sale,64.9225,77.785,-12.93,96,90,3.02,RU,1707264217
419,la'ie,21.6477,-157.9253,26.98,68,13,10.01,US,1707264217
420,mukalla,14.5425,49.1242,22.74,82,19,2.04,YE,1707264217
421,lakatoro,-16.0999,167.4164,29.23,71,92,1.77,VU,1707264217
422,paramonga,-10.6667,-77.8333,25.44,76,10,3.62,PE,1707264218
423,ola,59.5833,151.2833,-24.37,83,96,4.04,RU,1707264218
424,aioun,16.6614,-9.6149,21.9,10,0,5.69,MR,1707264218
425,vadso,70.0744,29.7487,-10.91,92,75,7.72,NO,1707264218
426,hassi messaoud,31.6804,6.0729,9.92,50,0,0.51,DZ,1707264218
427,port hueneme,34.1478,-119.1951,13.31,90,75,5.14,US,1707264219
428,baharly,38.4362,57.4316,6.02,54,100,1.8,TM,1707264219
429,manadhoo,5.7667,73.3833,27.98,69,44,7.05,MV,1707264219
430,chinde,26.8418,88.0763,6.3,70,0,2.03,NP,1707264219
431,popondetta,-8.7537,148.2534,29.71,69,100,1.89,PG,1707264219
432,fort bragg,35.139,-79.006,8.23,46,0,4.12,US,1707264220
433,jianshui,23.6363,102.8264,11.23,63,0,2.71,CN,1707264220
434,sitka,57.0531,-135.33,3.15,83,82,1.28,US,1707264220
435,huarmey,-10.0681,-78.1522,25.62,76,21,4.39,PE,1707264220
436,darab,28.7519,54.5444,6.69,27,0,0.74,IR,1707264220
437,twon-brass,4.3151,6.2418,27.49,79,66,3.58,NG,1707264221
438,mount pearl,47.5166,-52.7813,0.47,94,100,12.35,CA,1707264222
439,usogorsk,63.4106,48.6872,-28.52,100,98,0.81,RU,1707264222
440,gamba,-2.65,10.0,25.65,86,94,1.88,GA,1707264222
441,tamanrasset,22.785,5.5228,6.95,23,0,1.54,DZ,1707264223
442,knoxville,35.9606,-83.9207,12.97,50,0,1.79,US,1707263953
443,upata,8.0086,-62.3989,29.55,51,56,2.81,VE,1707264223
444,nora,59.5193,15.0398,-5.31,87,100,0.45,SE,1707264223
445,sola,-13.8833,167.55,31.37,79,75,0.0,VU,1707264223
446,ambovombe,-25.1667,46.0833,22.0,92,48,3.36,MG,1707264224
447,sangueya,10.7,-14.3667,23.02,89,0,0.61,GN,1707264224
448,queenstown,-31.8976,26.8753,19.84,62,85,2.42,ZA,1707264224
449,alice springs,-23.7,133.8833,25.68,61,93,6.69,AU,1707264224
450,kalemie,-5.9475,29.1947,20.9,85,90,1.55,CD,1707264225
451,gokarna,14.55,74.3167,25.25,48,0,1.66,IN,1707264225
452,colonia,50.9333,6.95,12.36,73,75,9.26,DE,1707264225
453,mugia,43.1041,-9.2179,14.39,92,100,9.76,ES,1707264225
454,gebeit,21.0667,36.3167,11.53,78,26,1.84,SD,1707264225
455,yatou,37.15,122.3833,-2.84,70,0,7.48,CN,1707264225
456,alofi,-19.0595,-169.9187,29.94,66,40,4.12,NU,1707264226
457,nar'yan-mar,67.6713,53.087,-24.38,98,97,1.79,RU,1707264226
458,vilyuchinsk,52.9306,158.4028,-8.85,82,100,1.9,RU,1707264226
459,camacupa,-12.0167,17.4833,16.71,98,99,2.73,AO,1707264226
460,champerico,14.3,-91.9167,31.3,66,6,1.95,GT,1707264226
461,masuguru,-11.3667,38.4167,23.7,98,99,1.61,TZ,1707264227
462,bandarbeyla,9.4942,50.8122,24.5,76,0,5.6,SO,1707264227
463,emkhomazi,-30.2067,30.7978,21.93,89,14,5.53,ZA,1707264227
464,salmas,38.1973,44.7653,-1.05,66,8,3.41,IR,1707264227
465,poggiardo,40.0542,18.3791,8.59,85,67,2.54,IT,1707264227
466,duartina,-22.4144,-49.4039,28.64,53,100,1.73,BR,1707264037
467,brisas de zicatela,15.8369,-97.0419,27.29,69,75,1.54,MX,1707264228
468,walvis bay,-22.9575,14.5053,19.53,88,66,0.0,NA,1707264228
469,sona,45.4388,10.8255,9.41,87,75,1.03,IT,1707264228
470,embi,48.8264,58.1442,-5.41,93,100,12.03,KZ,1707264228
471,santa ana,33.7456,-117.8678,13.62,91,100,0.89,US,1707263990
472,tofol,5.3248,163.0078,28.02,74,92,7.38,FM,1707264229
473,xai-xai,-25.0519,33.6442,22.06,81,0,0.74,MZ,1707264229
474,kyzyl,51.7,94.45,-30.89,100,83,0.07,RU,1707264229
475,homer,59.6425,-151.5483,2.09,92,100,2.57,US,1707264229
476,tarinkot,32.6268,65.8733,3.75,40,31,2.55,AF,1707264229
477,idri,27.5,13.2667,10.43,47,0,2.13,LY,1707264230
478,puerto baquerizo moreno,-0.9,-89.6,25.96,82,41,5.08,EC,1707264230
479,sao jose do rio preto,-20.8197,-49.3794,26.15,73,40,1.03,BR,1707264230
480,suihua,46.6406,126.9969,-24.4,99,78,1.44,CN,1707264230
481,nicoya,10.1483,-85.452,27.07,60,10,2.56,CR,1707264230
482,praia da vitoria,38.7333,-27.0667,17.64,88,75,12.15,PT,1707264231
483,nattarasankottai,9.8667,78.5667,21.02,92,29,3.1,IN,1707264231
484,verkhniye sergi,56.6469,59.5556,-3.19,94,100,5.54,RU,1707264232
485,kainantu,-6.2887,145.8655,18.28,93,100,0.87,PG,1707264232
486,krasnovishersk,60.4078,57.082,-11.59,92,100,2.1,RU,1707264232
487,bubaque,11.2833,-15.8333,26.5,76,0,6.2,GW,1707264232
488,kili,5.6439,169.1211,27.8,78,85,7.45,MH,1707264233
489,malango,-2.9627,119.9001,22.64,88,100,0.83,ID,1707264233
490,gualeguay,-33.1416,-59.3097,32.9,33,68,3.92,AR,1707264233
491,tolanaro,-25.0319,46.9987,23.04,94,40,9.77,MG,1707264233
492,yuzhno-kurilsk,44.0306,145.8556,-8.68,81,69,2.38,RU,1707264233
493,panambi,-28.2925,-53.5017,23.75,81,85,3.41,BR,1707264233
494,sao gabriel da cachoeira,-0.1303,-67.0892,24.2,98,97,0.91,BR,1707264234
495,wau,7.7029,27.9953,24.59,19,13,3.54,SS,1707264234
496,mata-utu,-13.2816,-176.1745,28.53,79,98,7.05,WF,1707264234
497,namibe,-15.1961,12.1522,24.6,79,100,0.18,AO,1707264234
498,boras,57.721,12.9401,-1.21,87,99,4.14,SE,1707264234
499,vilyuysk,63.7553,121.6247,-29.44,100,99,0.45,RU,1707264234
500,zmiyevka,52.6697,36.3739,-12.75,99,96,1.72,RU,1707264235
501,sibi,29.5448,67.8764,14.15,70,64,1.72,PK,1707264235
502,mitsamiouli,-11.3847,43.2844,28.6,77,27,4.75,KM,1707264235
503,mossel bay,-34.1831,22.146,20.96,83,88,1.2,ZA,1707264235
504,luanco,43.6152,-5.7934,11.37,89,76,2.23,ES,1707264235
505,tromso,69.6496,18.957,-4.99,86,75,3.6,NO,1707264236
506,san carlos del zulia,9.0,-71.9135,26.8,85,22,3.26,VE,1707264236
507,gryazi,52.4966,39.9359,-8.23,94,75,4.02,RU,1707264236
508,timbuktu,16.7735,-3.0074,20.06,12,0,5.26,ML,1707264236
509,inverell,-29.7833,151.1167,26.48,66,91,3.84,AU,1707264236
510,santo antonio,-6.3106,-35.4789,25.99,83,96,3.72,BR,1707264236
511,port moresby,-9.4431,147.1797,26.68,78,20,4.63,PG,1707264237
512,khandyga,62.6667,135.6,-39.99,99,99,1.17,RU,1707264237
513,fatehpur sikri,27.1,77.6667,10.19,42,87,3.24,IN,1707264237
514,motueka,-41.1333,173.0167,23.94,28,32,0.85,NZ,1707264237
515,isangel,-19.55,169.2667,29.06,79,100,2.57,VU,1707264237
516,makubetsu,45.3714,141.8211,-6.77,85,40,1.79,JP,1707264238
517,fisterra,42.9049,-9.2629,14.3,93,100,9.95,ES,1707264238
518,broome,42.2506,-75.833,1.46,73,4,1.77,US,1707264238
519,st. john's,47.5649,-52.7093,0.93,94,100,12.35,CA,1707264179
520,vernon,50.2581,-119.2691,2.64,93,100,0.0,CA,1707263986
521,simanggang,1.2472,111.4528,25.01,100,100,0.51,MY,1707264238
522,selfoss,63.9331,-20.9971,-9.63,90,86,3.08,IS,1707264239
523,fada,9.5667,8.3,23.0,21,99,4.73,NG,1707264239
524,azadshahr,34.7909,48.5707,-1.73,74,20,3.09,IR,1707264004
525,gulf shores,30.246,-87.7008,17.78,54,0,0.45,US,1707264025
526,mikuni,36.2171,136.1519,2.95,69,86,3.84,JP,1707264239
527,wattegama,6.7989,81.4808,21.56,81,70,2.1,LK,1707264240
528,nacozari de garcia,30.3742,-109.6908,14.24,40,100,6.03,MX,1707264240
529,khandud,36.9513,72.318,-15.98,92,100,0.85,AF,1707264240
530,barra de santo antonio,-9.4047,-35.5072,27.6,83,66,3.86,BR,1707264240
531,happy valley-goose bay,53.3168,-60.3315,-18.83,78,20,1.54,CA,1707264240
532,ormara,25.2088,64.6357,21.93,60,100,4.31,PK,1707264241
533,mildura,-34.2,142.15,21.71,44,0,6.99,AU,1707263740
534,malaya vishera,58.8454,32.2222,-18.49,100,92,1.68,RU,1707264241
535,saldanha,-33.0117,17.9442,18.03,94,12,3.45,ZA,1707264241
536,basse-terre,16.1667,-61.6667,25.58,83,75,8.23,GP,1707264146
537,chunskiy,56.0815,99.6342,-19.51,100,96,0.92,RU,1707264241
538,bay city,43.5945,-83.8889,1.73,84,0,3.09,US,1707264020
539,capri,40.5507,14.2426,12.38,85,100,5.06,IT,1707263950
540,sirte,31.2089,16.5887,15.94,45,2,3.18,LY,1707264242
541,ngaruawahia,-37.6674,175.1555,26.98,39,8,1.36,NZ,1707264242
542,masterton,-40.9597,175.6575,23.94,20,7,3.13,NZ,1707264242
543,waingapu,-9.6567,120.2641,27.54,74,66,1.73,ID,1707264243
544,katsuura,35.1333,140.3,6.15,66,98,5.24,JP,1707264243
545,northam,51.0333,-4.2167,11.25,97,100,3.78,GB,1707264243
546,namdrik,5.5994,168.1028,27.72,79,89,6.56,MH,1707264243
547,rudnyy,52.9594,63.1206,0.13,97,100,9.4,KZ,1707264244
548,la sarre,48.8002,-79.1996,-0.46,94,100,3.47,CA,1707264244
549,callao,-12.0667,-77.15,27.16,69,0,7.72,PE,1707264244
550,raufoss,60.7264,10.6172,-11.09,97,100,0.74,NO,1707264244
551,shihezi,44.3,86.0333,-16.1,95,94,1.81,CN,1707264245
552,buta,2.7858,24.73,21.53,46,2,0.21,CD,1707264245
553,bengkulu,-3.8004,102.2655,24.35,86,95,1.48,ID,1707264202
554,bardai,11.65,7.2333,19.07,21,68,5.42,NG,1707264245
555,bonthe,7.5264,-12.505,26.44,89,0,2.45,SL,1707264246
556,bria,6.5423,21.9863,24.4,20,58,3.35,CF,1707264246
557,turbat,26.0023,63.044,17.62,69,53,1.3,PK,1707264246
558,zyrya,40.3661,50.2917,4.05,57,91,5.11,AZ,1707264246
559,bokoro,12.3807,17.0568,20.17,21,45,5.74,TD,1707264247
560,bahia de kino,28.8333,-111.9333,16.62,79,100,4.78,MX,1707264247
561,luanda,-8.8368,13.2343,27.0,89,75,3.09,AO,1707264247
562,tweed heads,-28.1817,153.547,28.87,84,100,6.69,AU,1707264247
563,westport,41.1415,-73.3579,2.33,65,8,0.89,US,1707264112
564,prince rupert,54.3161,-130.3201,2.05,93,100,1.03,CA,1707264041
565,reggane,26.7158,0.1714,15.45,23,4,3.9,DZ,1707263957
566,campbell river,50.0163,-125.2446,6.21,61,40,2.57,CA,1707264248
567,vieux fort,13.7167,-60.95,27.64,84,75,6.17,LC,1707264248
568,tupancireta,-29.0806,-53.8358,23.23,81,99,3.13,BR,1707264249
569,forster,-32.1667,152.5167,21.32,95,100,5.16,AU,1707264249
570,vel'sk,61.0701,42.0983,-27.63,100,89,0.89,RU,1707264249
571,kudahuvadhoo,2.6708,72.8944,27.42,81,64,5.05,MV,1707264249
572,deder,9.3167,41.45,13.77,66,3,0.39,ET,1707264250
573,wellington,-41.2866,174.7756,24.43,64,34,10.29,NZ,1707263534
574,sur,22.5667,59.5289,21.71,61,100,2.8,OM,1707264250
575,dzhambeyty,50.2536,52.595,-6.52,82,100,14.13,KZ,1707264250
576,bibbiena,43.6965,11.8135,9.49,94,100,2.21,IT,1707264250
577,golfito,8.639,-83.166,25.55,88,30,1.12,CR,1707264251
578,lurugan,8.0167,124.9667,21.15,81,99,0.52,PH,1707264251
579,ancud,-41.8697,-73.8203,15.9,90,99,8.79,CL,1707264251
